timestamp,cycle,frame_read_ms,preprocess_for_drawing_ms,detect_pipeline_ms,drawing_on_img_ms,total_cycle_ms
2025-05-13T17:28:09.772707,1,624.2443199998888,14.381941999999981,131.15460700009862,0.0002920000952144619,772.2024090001014
2025-05-13T17:28:10.544995,2,0.33893399995577056,3.9563689999795315,118.1893619998391,0.0002920000952144619,122.61679599987474
2025-05-13T17:28:10.667692,3,0.3459350000412087,3.9814530000512605,115.92270500000268,0.00029199986784078646,120.38426599997365
2025-05-13T17:28:10.788135,4,0.32055800011221436,4.041830999995,115.96704099997623,0.000582999973630649,120.4627290001099
2025-05-13T17:28:10.908674,5,1.969725999970251,4.001870999900348,117.2396449999269,0.0002910001057898626,123.34570699999858
2025-05-13T17:28:11.032078,6,10.539036999944074,4.172213000174452,120.8634899999197,0.000582999973630649,135.71416300010242
2025-05-13T17:28:11.167872,7,2.701262000073257,3.984078000030422,116.42351399996187,0.00029199986784078646,123.22961100016983
2025-05-13T17:28:11.291161,8,11.413205999815546,4.089958000122351,124.35454300020865,0.0002920000952144619,139.99129800004084
2025-05-13T17:28:11.431231,9,0.6764099998690654,4.505020999886256,116.7779069999142,0.000582999973630649,122.09526099991308
2025-05-13T17:28:11.553386,10,9.194092999905479,4.209838999940985,121.68223999992733,0.0002920000952144619,135.22501300008116
2025-05-13T17:28:11.688690,11,2.2500309999031742,4.6304439999858005,116.72307100002399,0.0002920000952144619,123.7225520001175
2025-05-13T17:28:11.812475,12,10.121348999973634,4.083832999867809,121.72153400001662,0.000582999973630649,136.06234799999584
2025-05-13T17:28:11.948615,13,2.3719539999547123,4.197880999981862,117.00074700002006,0.00029099987841618713,123.70563000013135
2025-05-13T17:28:12.072378,14,10.251439000057871,4.1902969999227935,122.66928200006078,0.000582999973630649,137.25131499995769
2025-05-13T17:28:12.209720,15,1.3417349998690042,3.9902030000575905,117.24779800010765,0.0002920000952144619,122.69990799995867
2025-05-13T17:28:12.332482,16,10.122223000053054,3.961618000175804,123.07363600007193,0.000582999973630649,137.29223399991497
2025-05-13T17:28:12.469849,17,1.2265200000456389,4.409640999938347,118.25176499996815,0.0002920000952144619,124.01976699993611
2025-05-13T17:28:12.593928,18,8.70610900005886,4.0532059999804915,121.722482999985,0.00029099987841618713,134.62326500007293
2025-05-13T17:28:12.728629,19,2.441956999973627,4.137793999916539,117.57156399994528,0.00029199986784078646,124.27148799997667
2025-05-13T17:28:12.852957,20,9.731370000054085,4.035704999978407,121.40950900015923,0.00029199986784078646,135.3130909999436
2025-05-13T17:28:12.988348,21,2.729263999981413,3.7201059999460995,122.61473000012302,0.5883220001123846,129.786010999851
2025-05-13T17:28:13.118256,22,4.372013999955016,4.235799000070983,121.04110699988269,0.000582999973630649,129.7839680000834
2025-05-13T17:28:13.248114,23,2.981860000090819,3.9832019999721524,116.81289200009815,0.0002920000952144619,123.8984189999428
2025-05-13T17:28:13.372070,24,10.611372000084884,4.272842000091259,123.52535800005171,0.00029099987841618713,138.5437459998684
2025-05-13T17:28:13.510694,25,0.2867230000447307,3.8735299999643757,115.23927000007461,0.0005839999630552484,119.5336960001896
2025-05-13T17:28:13.630291,26,12.409296999976505,4.348096000057922,123.67586499999561,0.000582999973630649,140.57355699992513
2025-05-13T17:28:13.770948,27,0.2922639998814702,3.983494000067367,115.73104499984765,0.000582999973630649,120.13835200014
2025-05-13T17:28:13.891147,28,11.59958900007041,4.014412000060474,127.00861599978452,0.0005839999630552484,142.76845899985346
2025-05-13T17:28:14.033999,29,0.2750549999745999,4.1401260000384354,202.65123800004403,0.0005830002010043245,207.20759400001043
2025-05-13T17:28:14.241272,30,0.9657569999035331,4.804286000080538,120.67124600002899,0.00029099987841618713,126.58071199984988
2025-05-13T17:28:14.367936,31,0.7099530000687082,4.457184000102643,189.94938500009084,0.0005839999630552484,195.24077899995973
2025-05-13T17:28:14.563236,32,0.2485119998709706,4.001285999947868,115.42827199991734,0.0002920000952144619,119.8110769998948
2025-05-13T17:28:14.683128,33,0.28643100017688994,3.7157300000671967,115.81533300000046,0.0005839999630552484,119.95137600001726
2025-05-13T17:28:14.803139,34,0.28322200000729936,4.054954999901383,116.04430300008062,0.00029099987841618713,120.52394700003788
2025-05-13T17:28:14.923742,35,0.2902229998653638,3.802358999791977,115.74211900006048,0.0002920000952144619,119.9531229999593
2025-05-13T17:28:15.043754,36,0.2800139998271334,3.998952999836547,116.05712899995524,0.0002920000952144619,120.47026899995217
2025-05-13T17:28:15.164306,37,0.2858479999758856,3.7128129999928206,115.81561599996348,0.000582999973630649,119.94699299998501
2025-05-13T17:28:15.284311,38,0.2855560001080448,4.078581999920061,116.10496399998738,0.000582999973630649,120.60735999989447
2025-05-13T17:28:15.405001,39,0.29605700001411606,3.9260319999812054,116.05946200006656,0.0002920000952144619,120.40084899990688
2025-05-13T17:28:15.525460,40,0.2978070001518063,4.073330999972313,116.15221700003531,0.0005839999630552484,120.6761959999767
2025-05-13T17:28:15.646225,41,0.26397199985694897,3.750732000071366,115.87366100002328,0.00029099987841618713,120.02574699999968
2025-05-13T17:28:15.766310,42,0.29693200008296117,4.080622999936168,116.11050600004091,0.0005839999630552484,120.63040200018804
2025-05-13T17:28:15.887025,43,0.2677640000001702,3.8306530000227212,115.77303100011704,0.0005830002010043245,119.99103599987393
2025-05-13T17:28:16.007075,44,0.25522100008856796,4.02432900000349,115.97136600016711,0.00029199986784078646,120.38450599993666
2025-05-13T17:28:16.127539,45,0.261347000105161,3.740813999911552,115.76748099992074,0.0005830002010043245,119.90410700013854
2025-05-13T17:28:16.247504,46,0.25872199989862565,4.084705999957805,116.26158900003247,0.00029099987841618713,120.74531600001137
2025-05-13T17:28:16.368329,47,2.491251000037664,3.836777000060465,117.54177900002105,0.0005830002010043245,123.99114699996971
2025-05-13T17:28:16.492378,48,10.434027999963291,4.075665000073059,134.34217100007118,0.000582999973630649,148.98749499980113
2025-05-13T17:28:16.641461,49,0.3780189999815775,4.070414999887362,116.83328399999482,0.00029199986784078646,121.4220159999968
2025-05-13T17:28:16.762942,50,0.6717419998949481,4.728446999934022,117.81829300002755,0.000582999973630649,123.35761500003173
2025-05-13T17:28:16.886381,51,4.937291000032928,4.147417999774916,121.7551160000312,0.0002920000952144619,130.95795699996415
2025-05-13T17:28:17.017397,52,5.4833189999499155,4.0788720000364265,124.01447199999893,0.49848399999063986,134.21019600014006
2025-05-13T17:28:17.151731,53,0.6717420001223218,4.028702999903544,120.88706500003354,0.0002920000952144619,125.73655999995026
2025-05-13T17:28:17.277526,54,5.7744159998947,4.44901699984257,118.75137299989547,0.000582999973630649,129.11393900003532
2025-05-13T17:28:17.406726,55,4.190877999917575,3.8589450000472425,117.95158299992181,0.0005839999630552484,126.12303700007033
2025-05-13T17:28:17.532908,56,9.960335999949166,4.072456000130842,128.21235100000195,0.506067000060284,142.88655099994685
2025-05-13T17:28:17.675917,57,0.6813680001869216,4.027535999966858,125.1050700000178,0.4908999999315711,130.43612999990728
2025-05-13T17:28:17.806460,58,0.6632829999944079,4.395055000031789,123.33660500007682,0.5148180000560387,129.03839299997344
2025-05-13T17:28:17.935618,59,0.6694080000215763,4.101623999986259,118.20155000009436,0.00029199986784078646,123.09479700002157
2025-05-13T17:28:18.058771,60,4.59456500016131,4.397680000010951,120.05926400001954,0.0002910001057898626,129.18655899989062
2025-05-13T17:28:18.188036,61,3.346168999996735,4.093455999964135,118.49410200011334,0.00029199986784078646,126.06760899984693
2025-05-13T17:28:18.314163,62,8.763275000092108,4.115624999940337,120.96172599990496,0.00029099987841618713,133.98034099986944
2025-05-13T17:28:18.448228,63,3.139658000009149,4.1867949998959375,118.36838799990801,0.0005830002010043245,125.81209600011789
2025-05-13T17:28:18.574099,64,8.894823999980872,4.1999200000191195,121.10756699985359,0.0002910001057898626,134.33940099980646
2025-05-13T17:28:18.708515,65,2.860227999917697,4.102790999922945,118.1277499999851,0.000582999973630649,125.22581600001104
2025-05-13T17:28:18.833798,66,9.148587000026964,4.257672999983697,122.53709700007676,0.000582999973630649,136.09123899982478
2025-05-13T17:28:18.969969,67,1.4764909999485099,4.523687000073551,117.25999200007209,0.00029199986784078646,123.38180000006105
2025-05-13T17:28:19.093410,68,9.541188999946826,4.052038000054381,121.31990299985773,0.0002920000952144619,135.04905299987513
2025-05-13T17:28:19.228536,69,2.8663529999448656,4.089373000169871,117.85618599992631,0.0002920000952144619,124.94608499991955
2025-05-13T17:28:19.353541,70,9.500061000153437,4.206921000104558,121.54216399994766,0.0005839999630552484,135.38856900004248
2025-05-13T17:28:19.489008,71,2.4069539999800327,4.222962999847368,117.58813100004772,0.0002920000952144619,124.33705399985229
2025-05-13T17:28:19.613404,72,9.588441000005332,4.467100000056234,121.81084400003783,0.000582999973630649,136.00289300006807
2025-05-13T17:28:19.749490,73,1.9495980000101554,4.531853000116826,117.0832310001515,0.000582999973630649,123.7014809998982
2025-05-13T17:28:19.873251,74,9.750323999924149,4.383970999924713,121.60895900001378,0.0002920000952144619,135.88296900002206
2025-05-13T17:28:20.009223,75,2.221445000031963,4.357718999926874,117.55837100008648,0.0005830002010043245,124.25566599995364
2025-05-13T17:28:20.133536,76,9.483144000114407,4.328552000060881,121.59499200015489,0.00029199986784078646,135.5417340000713
2025-05-13T17:28:20.269162,77,2.2220280000055936,4.545562000203063,117.34865300013553,0.0002920000952144619,124.2530419999639
2025-05-13T17:28:20.393474,78,9.684696000022086,4.165209999882791,122.7155890001086,0.0002920000952144619,136.8026310001369
2025-05-13T17:28:20.530354,79,1.1635169998953643,4.215086999920459,117.14155899994694,0.0002910001057898626,122.65316899993195
2025-05-13T17:28:20.653071,80,9.976668000035716,4.176293999989866,122.46678599990446,0.0005840001904289238,136.75479600010476
2025-05-13T17:28:20.789907,81,1.629039999897941,4.359760999932405,116.86329500003012,0.0002920000952144619,122.98276999990776
2025-05-13T17:28:20.912950,82,10.100050000119154,4.08412199999475,120.44543100000737,0.0005839999630552484,134.7672760000478
2025-05-13T17:28:21.047797,83,3.6900600000535633,4.205169999977443,118.22777199995471,0.00029199986784078646,126.24259099993651
2025-05-13T17:28:21.174099,84,9.012368999947284,4.139541000085956,119.25478300008763,0.000582999973630649,132.54203299993605
2025-05-13T17:28:21.306723,85,4.815075000124125,4.104247999975996,119.39274699989255,0.00029199986784078646,128.44624299987117
2025-05-13T17:28:21.435227,86,7.838352000135274,4.093747000069925,119.34899500010943,0.0002910001057898626,131.4178930001617
2025-05-13T17:28:21.566725,87,4.813324999986435,4.194086000097741,120.99757800001498,0.0005839999630552484,130.1237029999811
2025-05-13T17:28:21.696908,88,6.604831999993621,4.043870000032257,120.93078299994886,0.0002920000952144619,131.7130749998796
2025-05-13T17:28:21.828699,89,2.880061000041678,4.115039999987857,117.14213400000517,0.0002920000952144619,124.27053399983379
2025-05-13T17:28:21.953031,90,10.200678999808588,4.17337699991549,129.7850539999672,0.0005839999630552484,144.39508000009482
2025-05-13T17:28:22.097509,91,0.6772839999484859,4.505309000023772,117.40347199997814,0.00029099987841618713,122.70332200000666
2025-05-13T17:28:22.220273,92,3.302415000007386,4.066038000019034,118.66966100001264,0.0002920000952144619,126.17695400012963
2025-05-13T17:28:22.346531,93,5.066211999974257,3.757146999987526,119.36677900007453,0.00029199986784078646,128.32489600009467
2025-05-13T17:28:22.474916,94,8.159784999861586,4.11183100004564,119.481118000067,0.000582999973630649,131.89099100009116
2025-05-13T17:28:22.606889,95,4.668068000000858,4.1725009998572204,119.20693799993387,0.0002910001057898626,128.16593000002285
2025-05-13T17:28:22.735115,96,8.021526999982598,4.164626000147109,119.69696200003455,0.000582999973630649,132.01816400010102
2025-05-13T17:28:22.867220,97,4.352759999846967,4.102497999838306,119.69871299993429,0.00029099987841618713,128.28726900011134
2025-05-13T17:28:22.995566,98,7.540836999851308,4.0814960000261635,121.4301240001987,0.000582999973630649,133.18896400005542
2025-05-13T17:28:23.128837,99,2.73305300015636,4.20954400010487,116.46658399990883,0.0002920000952144619,123.52789600004144
2025-05-13T17:28:23.252457,100,10.810582999965845,4.042993999973987,129.73954099993534,0.000582999973630649,144.84338099987326
2025-05-13T17:28:23.397383,101,0.6775759998163267,4.404095999916535,117.64147600001706,0.000582999973630649,122.85586299981333
2025-05-13T17:28:23.520299,102,3.30795699983355,4.446097999789345,117.97107600000345,0.00029199986784078646,125.85872099998596
2025-05-13T17:28:23.646238,103,5.38326900004904,4.2457130000457255,119.7719159999906,0.000582999973630649,129.52107100022658
2025-05-13T17:28:23.775823,104,7.34861799992359,4.151500000034503,119.7733750000225,0.0002920000952144619,131.409708000092
2025-05-13T17:28:23.907317,105,4.348384000195438,4.088787999990018,117.44925700008935,0.00029199986784078646,126.03606199991191
2025-05-13T17:28:24.033413,106,9.782405999885668,4.094329000054131,128.32929400019566,0.5139429999871936,142.85677099996974
2025-05-13T17:28:24.176396,107,0.6597830001737748,4.139248999990741,119.22821400003158,0.0002920000952144619,124.14683600013632
2025-05-13T17:28:24.300602,108,3.013359000078708,4.348383999968064,118.29162600020027,0.0002920000952144619,125.78550000012001
2025-05-13T17:28:24.426466,109,5.232178000142085,4.119705999983125,121.18218699993122,0.000582999973630649,130.6676620001781
2025-05-13T17:28:24.557193,110,6.499824999991688,4.114747999892643,121.84138699990399,0.000582999973630649,132.59159099993667
2025-05-13T17:28:24.689865,111,1.503325000157929,6.945514000108233,123.80819400004839,0.0002920000952144619,132.50846200003252
2025-05-13T17:28:24.822474,112,1.0033830001248134,8.032609999872875,219.7100710000086,0.0002920000952144619,228.99574400003075
2025-05-13T17:28:25.051556,113,0.7067439998991176,4.449888999943141,193.80030699994677,0.0002910001057898626,199.10861400012436
2025-05-13T17:28:25.250725,114,0.723370000059731,4.108330999997634,117.26490000000922,0.00029199986784078646,122.2333980001622
2025-05-13T17:28:25.373039,115,0.28876400006083713,3.8501920000726386,116.18538700008685,0.00029199986784078646,120.4427669999859
2025-05-13T17:28:25.493541,116,0.28963999989173317,4.106871999965733,116.44790000013927,0.00029199986784078646,120.97858499987524
2025-05-13T17:28:25.614603,117,0.29605700001411606,3.772021999793651,116.44235899984778,0.0002920000952144619,120.64956900007928
2025-05-13T17:28:25.735312,118,0.285846999986461,4.204001000061908,116.00600299993857,0.000582999973630649,120.65540300000066
2025-05-13T17:28:25.856052,119,0.2785560000120313,3.884028000129547,115.81466100005855,0.000582999973630649,120.09624899997107
2025-05-13T17:28:25.976206,120,0.28030499993292324,4.161999999951149,116.05587500002912,0.0005839999630552484,120.63147899993965
2025-05-13T17:28:26.096917,121,0.3094740000051388,3.7571459999981016,115.72977299988452,0.0002920000952144619,119.93027499988784
2025-05-13T17:28:26.216903,122,0.2893480000238924,4.173666999804482,116.0497480000231,0.000582999973630649,120.64926900006867
2025-05-13T17:28:26.337630,123,0.2861389998543018,3.877902000112954,115.60318400006508,0.0002910001057898626,119.8862310000095
2025-05-13T17:28:26.457574,124,0.28001400005450705,4.12699799994698,115.91819999989639,0.0005839999630552484,120.45763499986606
2025-05-13T17:28:26.578111,125,0.29284800007189915,3.744604000075924,115.86044700015918,0.00029199986784078646,120.03382199986845
2025-05-13T17:28:26.698204,126,0.3386419998605561,4.309590000048047,116.69027900006768,0.0005839999630552484,121.47589300002437
2025-05-13T17:28:26.819759,127,0.3383499999927153,3.863316999968447,116.0920410000017,0.0002920000952144619,120.41008999995029
2025-05-13T17:28:26.940229,128,0.331058000028861,4.104828999970778,116.37088499992387,0.000582999973630649,120.94444599983944
2025-05-13T17:28:27.061252,129,0.3441839999140939,3.8323989999753394,116.54676500006644,0.00029199986784078646,120.86189700016803
2025-05-13T17:28:27.182172,130,0.36780999994334707,4.2941309998241195,116.52547200014851,0.0005830002010043245,121.32479499996407
2025-05-13T17:28:27.303574,131,0.33776700001908466,3.9026940000894683,116.13782799986438,0.0002920000952144619,120.5089620000308
2025-05-13T17:28:27.424142,132,0.32697400001779897,4.089953999937279,116.64389499992467,0.0005839999630552484,121.19295400020746
2025-05-13T17:28:27.545414,133,6.0652180000033695,3.752479000013409,118.79621000002771,0.00029199986784078646,128.74895599998126
2025-05-13T17:28:27.674221,134,9.133996999935334,4.136623000022155,121.17457799990916,0.000582999973630649,134.5819969999411
2025-05-13T17:28:27.808883,135,2.955314000018916,4.250086999945779,122.47197700003198,0.5136509998919792,130.30974200000855
2025-05-13T17:28:27.939317,136,4.117372000109754,4.257378999909633,120.46316400005708,0.00029199986784078646,128.9677129998381
2025-05-13T17:28:28.068361,137,3.4911320001356216,4.14449799995964,116.85068899987527,0.0002920000952144619,124.62224199998673
2025-05-13T17:28:28.193040,138,10.352348000196798,4.225876999953471,122.6029329998255,0.0005830002010043245,137.3162070001399
2025-05-13T17:28:28.330434,139,1.4420720001453446,4.517849000194474,118.12737700006437,0.0002920000952144619,124.20747200008009
2025-05-13T17:28:28.454699,140,8.83385699989958,4.089369999974224,122.38971400006449,0.000582999973630649,135.56612000002133
2025-05-13T17:28:28.590346,141,1.497199999903387,4.371134000166421,118.19942300007824,0.00029199986784078646,124.20047099999465
2025-05-13T17:28:28.714607,142,8.82335599999351,4.108037999912995,120.3631129999394,0.0002920000952144619,133.43188800013195
2025-05-13T17:28:28.848119,143,3.769103999957224,4.231710999874849,118.77870099988286,0.0002910001057898626,126.897647000078
2025-05-13T17:28:28.975075,144,8.506297999929302,4.1299139998045575,122.64201099992533,0.0002920000952144619,135.5325699998957
2025-05-13T17:28:29.110690,145,1.2128110001867753,4.417803000023923,117.30045299987069,0.0002920000952144619,123.06407200003378
2025-05-13T17:28:29.233815,146,9.658438000087699,4.236668999965332,121.42861700021967,0.00029199986784078646,135.46110599986605
2025-05-13T17:28:29.369362,147,2.5551269998231874,4.215376000047399,116.59050100001878,0.0002920000952144619,123.47971899998811
2025-05-13T17:28:29.492901,148,10.538440000118499,4.0952030001335515,123.16791200009902,0.00029099987841618713,137.93631199996526
2025-05-13T17:28:29.630915,149,1.0290520001490222,4.419844999802081,116.9804789999489,0.00029099987841618713,122.56500600005893
2025-05-13T17:28:29.753541,150,9.94341099999474,4.138371999943047,122.35762099999192,0.000582999973630649,136.57707800007302
2025-05-13T17:28:29.890196,151,1.7885889999433857,4.464762999987215,117.07877499998176,0.000582999973630649,123.4493829999792
2025-05-13T17:28:30.013703,152,9.94195199996284,4.084994000095321,131.0371690001375,0.000582999973630649,145.30766899997616
2025-05-13T17:28:30.159110,153,0.680783000007068,4.3982600000163075,116.86759000008351,0.0002910001057898626,122.07964100002755
2025-05-13T17:28:30.281249,154,2.697759000056976,4.439094999952431,118.01389700008258,0.0005830002010043245,125.28930000007676
2025-05-13T17:28:30.406618,155,5.379767000022184,4.192332999991777,121.70453899989297,0.000582999973630649,131.39797799999542
2025-05-13T17:28:30.538075,156,5.912669000053938,4.453388000001723,120.87003900001037,0.00029199986784078646,131.36939300011363
2025-05-13T17:28:30.669526,157,2.4830820000261156,4.085286000190536,117.5092890000542,0.0002920000952144619,124.22437200007153
2025-05-13T17:28:30.793811,158,9.700148000092668,4.138955000144051,119.71877400014819,0.00029099987841618713,133.69292500010488
2025-05-13T17:28:30.927585,159,4.401760000064314,3.9277780001611973,117.5256190001619,0.00029199986784078646,125.97620499991535
2025-05-13T17:28:31.053621,160,10.037622000027113,4.298504999951547,123.26706699991519,0.00029199986784078646,137.85462300006657
2025-05-13T17:28:31.191569,161,0.6236140000055457,4.587560999880225,117.2062250000181,0.0002920000952144619,122.55128000015247
2025-05-13T17:28:31.314181,162,9.400008000056914,4.358591000027445,121.43647600009899,0.000582999973630649,135.33099799997217
2025-05-13T17:28:31.449593,163,2.4463300001116295,4.348674000084429,118.23965100006717,0.0002920000952144619,125.15628500000275
2025-05-13T17:28:31.574809,164,8.82977099990967,4.262919999973747,119.99265400004333,0.0002910001057898626,133.2192259999374
2025-05-13T17:28:31.708107,165,3.9613209999060928,4.230251000080898,118.9697279999109,0.0002920000952144619,127.29693300002509
2025-05-13T17:28:31.835465,166,8.47421100002066,4.260001999909946,133.31123099987963,0.000582999973630649,146.1839940000118
2025-05-13T17:28:31.981726,167,0.6977010000355222,4.635688000007576,117.15808999997535,0.0002910001057898626,122.60873599984734
2025-05-13T17:28:32.104393,168,0.6737830001384282,4.870782000125473,118.19705699986116,0.000582999973630649,123.87492200014094
2025-05-13T17:28:32.228347,169,3.719518000025346,4.267878000064229,117.77791200006504,0.000582999973630649,125.8994800000437
2025-05-13T17:28:32.354306,170,9.28304199987906,4.233750999901531,119.44632700010516,0.000582999973630649,133.10779499988712
2025-05-13T17:28:32.487494,171,4.5729759999630915,4.301421000036498,118.91050899998845,0.0002910001057898626,127.90274600001794
2025-05-13T17:28:32.615457,172,8.169696000095428,4.301422000025923,119.64204499986408,0.000582999973630649,132.24821100016015
2025-05-13T17:28:32.747790,173,3.8784829998803616,3.7355599999955302,117.97508800009382,0.0002920000952144619,125.72563800017633
2025-05-13T17:28:32.873574,174,10.127459999921484,4.224418000148944,122.82953599992652,0.000582999973630649,137.31791999998677
2025-05-13T17:28:33.010978,175,1.146014999903855,4.576184999905308,118.66782300012346,0.000582999973630649,124.50844399995731
2025-05-13T17:28:33.135549,176,8.113400999945952,4.065158999992491,122.96282600004815,0.0005840001904289238,135.2770190001138
2025-05-13T17:28:33.270908,177,1.2236019999818382,4.37463299999763,118.3983089999856,0.0002920000952144619,124.13246699998126
2025-05-13T17:28:33.395098,178,8.557047000067541,4.123204000052283,132.6272210001207,0.00029199986784078646,145.44339600001877
2025-05-13T17:28:33.540620,179,0.6769920000806451,4.530681999995068,117.63993900012792,0.000582999973630649,122.96486799982631
2025-05-13T17:28:33.663644,180,0.6679489999896759,4.760235000048851,118.76786900006664,0.000582999973630649,124.32905999980903
2025-05-13T17:28:33.788054,181,4.112119999945207,4.067493000093236,119.22172499998851,0.0002920000952144619,127.53405200010093
2025-05-13T17:28:33.915650,182,8.037563000016235,4.152079999812486,122.57401199985907,0.000582999973630649,134.90103799995268
2025-05-13T17:28:34.050633,183,1.4869900001031056,4.56189200008339,121.82642900006613,0.5206509999879927,128.5333430000719
2025-05-13T17:28:34.179295,184,4.362089999858654,4.405259000122896,125.68603700015046,0.48798200009514403,135.0714570000946
2025-05-13T17:28:34.314483,185,0.686033999954816,4.216832999873077,120.8084620000136,0.00029199986784078646,125.84375200003706
2025-05-13T17:28:34.440383,186,3.349956999954884,4.586685000049329,117.80473099997835,0.0005830002010043245,125.8767120000357
2025-05-13T17:28:34.566338,187,5.54923200002122,4.320380000081059,121.63392000002204,0.00029099987841618713,131.6239959999166
2025-05-13T17:28:34.698020,188,6.133761000000959,4.653770999993867,120.07750899988423,0.000582999973630649,131.0000900000432
2025-05-13T17:28:34.829121,189,3.0597339998621464,4.264085999921008,118.46218000005138,0.0002910001057898626,125.92104800000925
2025-05-13T17:28:34.955100,190,8.771140999897398,4.249792999871715,120.0705039998411,0.0005839999630552484,133.3428670000103
2025-05-13T17:28:35.088525,191,3.6632220001138194,4.340212999977666,119.45213700005297,0.0002920000952144619,127.57370399981482
2025-05-13T17:28:35.216159,192,7.555705999948259,4.2107079998459085,122.06464099995173,0.00029099987841618713,133.96551899995757
2025-05-13T17:28:35.350209,193,1.565743999890401,4.303752999931021,149.65337599983286,0.5495269999755692,156.21415700002217
2025-05-13T17:28:35.506568,194,0.7411619999402319,4.598643000008451,220.95947299999352,0.0005839999630552484,226.4352009999584
2025-05-13T17:28:35.733086,195,0.6411150000076304,4.691397999977198,196.2555479999537,0.000582999973630649,201.70940000002702
2025-05-13T17:28:35.934855,196,0.6732000001647975,4.879823999999644,117.31673700001011,0.000582999973630649,123.00947599987921
2025-05-13T17:28:36.057948,197,0.6813669999701233,4.523973000004844,116.91421299997273,0.0002920000952144619,122.25226700002167
2025-05-13T17:28:36.180260,198,0.6816590000653378,4.800778000117134,117.88901099998839,0.0002920000952144619,123.50678799998605
2025-05-13T17:28:36.303850,199,0.6866169999284466,4.487512999958199,117.75046200000361,0.000582999973630649,123.04301399990436
2025-05-13T17:28:36.426952,200,0.6781580000279064,4.749149999952351,118.08677099998022,0.00029099987841618713,123.64562800007661
2025-05-13T17:28:36.550680,201,0.6769920000806451,4.407300000139003,117.66733299987209,0.0002920000952144619,122.88783999997577
2025-05-13T17:28:36.673627,202,0.6755330000487447,4.834321999851454,117.93538799997805,0.0005830002010043245,123.57941599998412
2025-05-13T17:28:36.797287,203,0.6834079999862297,4.515512999887505,117.70116799993957,0.0002910001057898626,123.01793000006
2025-05-13T17:28:36.920363,204,0.678159000017331,4.746815999851606,118.05614199988668,0.0005839999630552484,123.6141240001416
2025-05-13T17:28:37.044056,205,0.683991999949285,4.3985489999158744,117.15484199999082,0.00029199986784078646,122.36980700004096
2025-05-13T17:28:37.166485,206,0.6825339999068092,4.806027999848084,118.01763500011475,0.00029199986784078646,123.64270200009742
2025-05-13T17:28:37.290204,207,0.6778660001600656,4.539432000001398,122.42493400003696,0.5022739999276382,128.2611789999919
2025-05-13T17:28:37.418576,208,0.6632820000049833,4.437343000063265,120.8475239998279,0.0002920000952144619,126.07503000003817
2025-05-13T17:28:37.544728,209,0.2902229998653638,4.08207600003152,117.12275700006103,0.0002920000952144619,121.6473130000395
2025-05-13T17:28:37.666437,210,0.6743669998741098,5.025662999969427,117.8324170000451,0.000582999973630649,123.66924499997367
2025-05-13T17:28:37.790183,211,0.6822420000389684,4.64035300001342,117.63057399980426,0.000582999973630649,123.07071600002928
2025-05-13T17:28:37.913317,212,0.6752419999429549,4.901699000129156,117.82891500001824,0.00029099987841618713,123.53915399990001
2025-05-13T17:28:38.036934,213,0.6860329999653914,4.549057000076573,117.54860300015935,0.0002920000952144619,122.9187430001275
2025-05-13T17:28:38.159909,214,0.675532999821371,4.9445760000708106,117.94091399997342,0.000582999973630649,123.6966559999928
2025-05-13T17:28:38.283683,215,0.6746579999798996,4.6817710001505475,117.45118199996796,0.0002920000952144619,122.92516000002252
2025-05-13T17:28:38.406667,216,0.6711579999318928,4.894990000138932,117.95170700020208,0.0005839999630552484,123.64794499990239
2025-05-13T17:28:38.530393,217,0.6259480001062911,4.519012999935512,117.07112199997027,0.00029199986784078646,122.35025599989058
2025-05-13T17:28:38.652801,218,0.6758250001439592,4.934659000127795,117.94295700019575,0.0005839999630552484,123.69140499981768
2025-05-13T17:28:38.776572,219,0.6796170000598067,4.682063000018388,117.28113200001644,0.0002920000952144619,122.76210999993964
2025-05-13T17:28:38.899393,220,0.7187020000856137,4.920657999946343,117.95345500013354,0.0002910001057898626,123.72523899989574
2025-05-13T17:28:39.023195,221,0.6924509998498252,4.496845999938159,117.64747600000192,0.00029199986784078646,122.96977899995909
2025-05-13T17:28:39.146224,222,0.6755330000487447,4.938741999922058,117.8866550001203,0.0002920000952144619,123.63685299987992
2025-05-13T17:28:39.269943,223,0.6784500001231208,4.465052000114156,117.67256000007364,0.0002920000952144619,122.93477699995492
2025-05-13T17:28:39.392937,224,0.6726159999743686,4.760525000165217,117.93857300017407,0.0002910001057898626,123.50355500007026
2025-05-13T17:28:39.516519,225,0.678741000001537,4.378131999828838,117.25370700014537,0.000582999973630649,122.4430030001713
2025-05-13T17:28:39.639022,226,5.349720999902274,4.444342000169854,121.31653000005826,0.000582999973630649,131.24943499997244
2025-05-13T17:28:39.770351,227,2.0012229999792908,4.511428999876443,122.21928300004947,0.5063579999387002,129.37246799992863
2025-05-13T17:28:39.899849,228,4.090533999942636,4.131078000000343,124.07233099997939,0.0005839999630552484,132.42403200001718
2025-05-13T17:28:40.032349,229,4.087325999989844,4.117951000125686,117.49754399988888,0.0002920000952144619,125.8387440000206
2025-05-13T17:28:40.158251,230,6.172261000074286,4.477011000062703,120.55811100003666,0.00029199986784078646,131.34738999997353
2025-05-13T17:28:40.289676,231,6.758538999974917,3.8851910001085344,119.16858399990815,0.0002920000952144619,129.93219499981024
2025-05-13T17:28:40.419667,232,4.693147000125464,4.395047999878443,119.5177260001401,0.000582999973630649,128.7392199999431
2025-05-13T17:28:40.548485,233,7.510200999831795,3.735558000016681,118.81623399995078,0.0002910001057898626,130.19820799991066
2025-05-13T17:28:40.678742,234,5.6291500000043015,4.275751000022865,118.93757400002869,0.0002920000952144619,128.9792730001409
2025-05-13T17:28:40.807805,235,8.30240599998433,4.005946000006588,120.00454200006061,0.0002920000952144619,132.55878199993276
2025-05-13T17:28:40.940430,236,4.04415599996355,4.557222999892474,119.6157269998821,0.0005839999630552484,128.35040499999195
2025-05-13T17:28:41.068865,237,7.131307000008746,3.9128999999320513,119.93278099998861,0.0005839999630552484,131.1132030000408
2025-05-13T17:28:41.200038,238,4.458051000028718,4.320668999980626,118.52629500003786,0.00029199986784078646,127.44064799994703
2025-05-13T17:28:41.327564,239,8.478873000058229,3.8621469998361135,121.19830100004947,0.0002920000952144619,133.66182700019635
2025-05-13T17:28:41.461286,240,3.2076149998374603,4.269333999900482,118.6654279999857,0.0002920000952144619,126.27567399999862
2025-05-13T17:28:41.587645,241,8.372117999897455,3.783684999916659,120.27563099991312,0.0005839999630552484,132.56910799987054
2025-05-13T17:28:41.720274,242,4.194955000002665,4.278084000134186,118.81855999990876,0.0002920000952144619,127.42606400001932
2025-05-13T17:28:41.847786,243,8.276154999975915,3.8837309998598357,120.9309129999383,0.0005839999630552484,133.21301400014818
2025-05-13T17:28:41.981056,244,3.468962000169995,4.271957999890219,118.89264000001276,0.0002910001057898626,126.76802500004669
2025-05-13T17:28:42.107917,245,8.16123200002039,3.8239369998791517,123.08292700004131,0.0002920000952144619,135.2037270000892
2025-05-13T17:28:42.243178,246,1.3846100000591832,4.6803110001292225,118.65491900016423,0.0002920000952144619,124.85663799998292
2025-05-13T17:28:42.368124,247,7.9809730000306445,3.878190000023096,130.42803600001207,0.0005839999630552484,142.40737099999023
2025-05-13T17:28:42.510594,248,0.6714500000271073,4.646185999945374,117.55207300006987,0.000582999973630649,123.01000699994802
2025-05-13T17:28:42.633687,249,2.858180999965043,4.029863999903682,118.6237090000759,0.0005839999630552484,125.64563599994472
2025-05-13T17:28:42.759391,250,5.205628999874534,4.007404000049064,123.8089209998634,0.000582999973630649,133.15875199987204
2025-05-13T17:28:42.892641,251,3.9196079999328504,4.100741000002017,120.18040900011329,0.0002910001057898626,128.3206399998562
2025-05-13T17:28:43.021021,252,3.0959010000515264,4.310751999810236,118.92121699997915,0.000582999973630649,126.46233400005258
2025-05-13T17:28:43.147567,253,8.498121999991781,3.7886430000071414,120.89847900006134,0.0002920000952144619,133.32145999993372
2025-05-13T17:28:43.280948,254,3.6815959999785264,4.362088000107178,119.4582000000537,0.000582999973630649,127.63780800014501
2025-05-13T17:28:43.408666,255,7.550159999937023,3.8956900000357564,118.35010499999044,0.00029199986784078646,129.91991899980349
2025-05-13T17:28:43.538644,256,5.987624999988839,4.278375000012602,121.80768999996872,0.00029199986784078646,132.22011500010922
2025-05-13T17:28:43.670947,257,5.643442000064169,4.012654999996812,118.77508400016268,0.0002920000952144619,128.56593699984842
2025-05-13T17:28:43.799570,258,5.074371999853611,4.3445870001050935,121.74847899996166,0.000582999973630649,131.30452900009004
2025-05-13T17:28:43.930958,259,5.676985000036439,4.1074509999816655,119.45382199996857,0.0002920000952144619,129.35784700016484
2025-05-13T17:28:44.060374,260,4.286542000045301,4.304626000021017,119.96484299993426,0.000582999973630649,128.68960100013282
2025-05-13T17:28:44.189152,261,6.986340000139535,3.7291399999048735,118.94833500014101,0.0002920000952144619,129.8181150000346
2025-05-13T17:28:44.319033,262,5.175294000082431,4.293542000141315,120.35673700006555,0.0002910001057898626,129.96324699997786
2025-05-13T17:28:44.449099,263,7.095136999851093,3.7959349999709957,119.92605000000367,0.000582999973630649,130.9393359999831
2025-05-13T17:28:44.580097,264,4.5773480001116695,4.30112599997301,120.33186000007845,0.00029199986784078646,129.3436329999622
2025-05-13T17:28:44.709523,265,7.089886999892769,3.7084300001879456,120.93701499998133,0.000582999973630649,131.8697969998084
2025-05-13T17:28:44.841450,266,3.2189900000503258,4.378420999955779,118.32122199984951,0.000582999973630649,126.05484799996702
2025-05-13T17:28:44.967588,267,8.760343999938414,4.017028999896866,120.95071699991422,0.0002920000952144619,133.9596850000362
2025-05-13T17:28:45.101609,268,3.0725659999006893,4.518719999850873,118.17712399988523,0.0002920000952144619,125.89966600012303
2025-05-13T17:28:45.227592,269,8.643378999977358,3.8869390000400017,122.24902900015877,0.0005839999630552484,134.91556200006016
2025-05-13T17:28:45.362569,270,2.1318950000477344,4.619642000079693,118.14241299998685,0.0002920000952144619,125.0301649999983
2025-05-13T17:28:45.487681,271,8.565791999899375,3.8685630001964455,120.26676699997552,0.000582999973630649,132.8250859999116
2025-05-13T17:28:45.620566,272,4.173952999963149,4.2162469999311725,117.75476899993009,0.000582999973630649,126.27739200001997
2025-05-13T17:28:45.746924,273,9.332911999990756,3.6856799999895884,121.9068469999911,0.0002910001057898626,135.05990299995574
2025-05-13T17:28:45.882043,274,2.6715039998634893,4.289167000024463,117.70489199989242,0.0002920000952144619,124.81315400009407
2025-05-13T17:28:46.006937,275,9.394455999881757,3.883729999870411,122.05501199991886,0.0002920000952144619,135.45482999984415
2025-05-13T17:28:46.142453,276,2.0729760001358954,7.298146000039196,131.23420799979613,0.0005839999630552484,140.9299709998777
2025-05-13T17:28:46.283469,277,0.7184099999903992,4.4303409999884025,206.98226399986197,0.0002920000952144619,212.27014499982033
2025-05-13T17:28:46.495811,278,0.9782969998468616,4.891196000016862,125.97928600007435,0.00029199986784078646,131.9847029999437
2025-05-13T17:28:46.627881,279,0.7175349999215541,4.518137000104616,191.06115700014925,0.000582999973630649,196.42254199993658
2025-05-13T17:28:46.824361,280,0.6764080001175898,4.0214040000137175,116.77704800013089,0.0002920000952144619,121.60582400019848
2025-05-13T17:28:46.946060,281,0.6766999999854306,3.6979300000439252,116.98151199993845,0.0002920000952144619,121.49264799995763
2025-05-13T17:28:47.067612,282,0.676698999996006,4.145366999864564,117.20639399982247,0.0005840001904289238,122.16467700000067
2025-05-13T17:28:47.189861,283,0.6813660002080724,3.8350199999968027,116.67816099998163,0.000582999973630649,121.31326100006845
2025-05-13T17:28:47.311235,284,0.3383499999927153,4.136033999884603,116.3882299999841,0.000582999973630649,120.99503699982961
2025-05-13T17:28:47.432318,285,0.35730899980990216,3.781057999958648,116.24793099986164,0.000582999973630649,120.51959699988402
2025-05-13T17:28:47.552897,286,0.33572500001355365,4.1929110000182845,116.9222969999737,0.0005839999630552484,121.58802399994784
2025-05-13T17:28:47.674565,287,0.33659900009297417,3.898896999999124,116.90042099985476,0.00029199986784078646,121.27388300018538
2025-05-13T17:28:47.795901,288,0.34768299997267604,4.409922000149891,116.82575100007853,0.0005839999630552484,121.7172379999738
2025-05-13T17:28:47.917698,289,0.33689099996081495,3.9061889999629784,116.58715399994435,0.0005840001904289238,120.96528299980491
2025-05-13T17:28:48.038722,290,0.6968249999772524,4.331460000003062,116.81349300010879,0.000582999973630649,121.97886900003141
2025-05-13T17:28:48.160778,291,0.6834079999862297,4.044446000079915,116.7954089999057,0.0002920000952144619,121.63993499984826
2025-05-13T17:28:48.282483,292,0.6746580002072733,4.25445599989871,116.87737100010054,0.00029199986784078646,121.94036699997923
2025-05-13T17:28:48.404503,293,0.6825329999173846,3.9642340000227705,116.91470700020545,0.0002920000952144619,121.69652200009295
2025-05-13T17:28:48.526258,294,0.676698999996006,4.286249999950087,116.78140799995163,0.0002920000952144619,121.88028000014128
2025-05-13T17:28:48.648218,295,0.6743659998846852,4.103657000086969,116.91091399984543,0.0005839999630552484,121.80473500006883
2025-05-13T17:28:48.770081,296,0.6702820001009968,4.238705999796366,116.83361900009004,0.000582999973630649,121.87590500002443
2025-05-13T17:28:48.892035,297,0.725994000049468,3.948190999835788,116.42759900018973,0.0005839999630552484,121.23653999992712
2025-05-13T17:28:49.013330,298,0.34126699983971776,4.292083000109415,116.65043599987257,0.0005839999630552484,121.42350099998112
2025-05-13T17:28:49.134832,299,1.671622000003481,4.05932099988604,117.62173300007817,0.00029199986784078646,123.47022500011917
2025-05-13T17:28:49.258361,300,6.150671999876067,4.35246099982578,121.4929210000264,0.000582999973630649,132.14189399991483
